"post_id","post_owner_id","effective_country","lang"
"10","10000000942","CA","en"
"17","10000000942","CA","en"
"18","100000337699","BM","en"
"19","100000337699","BM","en"
"22","10000014174","CA","en"
"37","100000337699","BM","en"
"38","100000337699","BM","en"
"39","100000337699","BM","en"
"51","100000337715","CA","en"
"53","10000001189","CA","en"
"56","10000000942","CA","en"
"66","100000337715","CA","en"
"67","100000337699","BM","en"
"68","100000337715","CA","en"
"76","100000337749","IN","en"
"92","10000000942","CA","en"
"94","10000000942","CA","en"
"114","10000009679","CA","en"
"116","10000000942","CA","en"
"133","10000000942","CA","en"
"137","100000337780","US","en"
"138","100000337780","US","en"
"155","10000000942","CA","en"
"156","10000007905","US","en"
"192","10000000942","CA","en"
"193","10000000942","CA","en"
"196","10000000942","CA","en"
"197","10000000942","CA","en"
"216","10000000686","CA","en"
"232","10000007905","US","en"
"250","10000000942","CA","en"
"254","10000007905","US","en"
"262","100000337590","IN","en"
"266","100000337590","IN","en"
"268","10000000942","CA","en"
"272","10000000942","CA","en"
"283","10000007905","US","en"
"331","10000000942","CA","en"
"335","10000007905","US","en"
"372","10000000942","CA","en"
"548","100000338143","IN","en"
"549","100000338143","IN","en"
"552","100000338143","IN","en"
"556","100000338317","IN","en"
"557","100000338317","IN","en"
"564","100000338143","IN","en"
"565","100000338143","IN","en"
"566","100000338143","IN","en"
"567","100000338143","IN","en"
"577","100000338143","IN","en"
"579","100000339042","IN","en"
"580","100000338143","IN","en"
"584","100000338382","IN","en"
"585","100000338382","IN","en"
"587","100000338382","IN","en"
"589","100000338382","IN","en"
"591","100000338382","IN","en"
"592","100000338382","IN","en"
"593","100000338143","IN","en"
"594","100000338382","IN","en"
"596","100000338143","IN","en"
"597","100000338382","IN","en"
"598","100000338382","IN","en"
"599","100000338382","IN","en"
"600","100000338382","CA","en"
"601","100000338382","CA","en"
"604","100000339083","IN","en"
"613","100000338382","CA","en"
"614","100000338382","CA","en"
"615","100000339109","CA","en"
"616","100000339083","IN","en"
"617","100000339083","IN","en"
"618","100000339083","IN","en"
"625","100000339109","CA","en"
"626","100000339109","CA","en"
"627","100000339109","CA","en"
"628","100000339109","CA","en"
"629","100000339109","CA","en"
"630","100000339109","CA","en"
"632","100000339109","CA","en"
"636","100000339299","CA","en"
"638","100000339281","IN","en"
"639","100000339109","CA","en"
"640","100000339299","CA","en"
"644","100000339109","CA","en"
"645","100000338382","IN","en"
"646","100000338382","IN","en"
"665","100000339059","IN","en"
"667","100000339109","CA","ar"
"676","100000339059","IN","en"
"678","100000339059","IN","en"
"680","100000339281","IN","en"
"705","100000339281","IN","en"
"707","100000339299","CA","en"
"708","100000339109","CA","en"
"709","100000339109","CA","en"
"710","100000338382","IN","en"
"712","100000339083","IN","en"
"713","100000339331","IN","en"
"714","100000339349","IN","en"
"715","100000339349","IN","en"
"716","100000338143","IN","en"
"717","100000339059","IN","en"
"718","100000339059","IN","en"
"719","100000339380","IN","en"
"721","100000339083","IN","en"
"722","100000339109","CA","en"
"723","100000339083","IN","en"
"724","100000338143","IN","en"
"725","100000339083","CA","en"
"727","100000339059","IN","en"
"728","100000339331","IN","en"
"729","100000339059","IN","en"
"730","100000339331","IN","en"
"731","100000339331","IN","en"
"738","100000338143","IN","en"
"740","100000339109","CA","en"
"741","100000339109","CA","en"
"742","100000339109","CA","en"
"743","100000339109","CA","en"
"744","100000339448","BY","en"
"747","100000339109","CA","en"
"750","100000339059","IN","en"
"758","100000339299","CA","en"
"759","100000338382","IN","en"
"762","100000338382","IN","en"
"764","100000338382","IN","en"
"774","100000339455","IN","en"
"783","100000338143","IN","en"
"784","100000339059","IN","en"
"785","100000338382","IN","en"
"787","100000339059","IN","en"
"792","100000339059","IN","en"
"793","100000338143","IN","en"
"798","100000339109","CA","en"
"799","100000339109","CA","en"
"803","100000338382","IN","en"
"806","100000339109","CA","en"
"812","100000338143","IN","en"
"817","100000338382","IN","en"
"818","100000339109","CA","en"
"820","100000338382","IN","en"
"825","100000339109","CA","en"
"827","100000339109","CA","en"
"841","100000339539","CA","en"
"843","100000339083","CA","en"
"844","100000339109","CA","en"
"846","100000338382","IN","en"
"847","100000339109","CA","en"
"849","100000339083","IN","en"
"850","100000339323","IN","en"
"852","100000339109","CA","en"
"854","100000338382","IN","en"
"855","100000338382","IN","en"
"856","100000338382","IN","en"
"857","100000339109","CA","en"
"858","100000339059","IN","en"
"859","100000339554","CA","en"
"860","100000339109","CA","en"
"861","100000339109","CA","en"
"862","100000339554","CA","en"
"865","100000339083","IN","en"
"866","100000339083","IN","en"
"867","100000339083","IN","en"
"874","100000339083","IN","en"
"875","100000339083","IN","en"
"877","100000339323","IN","en"
"878","100000339083","IN","en"
"879","100000339646","IN","en"
"880","100000339109","CA","en"
"881","100000339083","IN","en"
"882","100000339083","IN","en"
"883","100000338382","IN","en"
"884","100000339455","IN","en"
"886","100000339083","IN","en"
"887","100000339059","IN","en"
"888","100000339083","IN","en"
"890","100000339323","IN","en"
"892","100000339109","CA","en"
"893","100000339711","CA","en"
"894","100000338382","IN","en"
"895","100000339083","IN","en"
"896","100000339059","IN","en"
"897","100000339059","IN","en"
"898","100000339083","IN","en"
"899","100000339059","IN","en"
"900","100000338382","IN","en"
"901","100000339109","CA","en"
"902","100000338382","IN","en"
"904","100000339059","IN","en"
"909","100000339752","IN","en"
"923","100000339083","IN","en"
"924","100000339083","IN","en"
"926","100000339059","IN","en"
"929","100000339083","IN","en"
"930","100000339083","IN","en"
"932","100000339059","IN","en"
"934","100000338382","IN","en"
"935","100000339059","IN","en"
"936","100000339059","IN","en"
"937","100000339059","IN","en"
"941","100000339083","IN","en"
"942","100000339083","IN","en"
"947","100000338143","IN","en"
"948","100000339083","IN","en"
"949","100000339083","IN","en"
"954","100000338143","IN","en"
"955","100000338143","IN","en"
"956","100000338143","IN","en"
"957","100000338143","IN","en"
"959","100000339109","CA","en"
"960","100000339083","CA","en"
"961","100000339083","IN","en"
"962","100000339083","IN","en"
"963","100000339083","IN","en"
"964","100000339083","IN","en"
"965","100000339083","IN","en"
"966","100000339083","IN","en"
"968","100000339083","IN","en"
"974","100000339059","IN","en"
"975","100000339752","IN","en"
"996","100000339455","IN","en"
"997","100000339455","IN","en"
"998","100000338382","IN","en"
"999","100000339455","IN","en"
"1000","100000339455","IN","en"
"1001","100000339455","IN","en"
"1002","100000339455","IN","en"
"1003","100000339455","IN","en"
"1004","100000339455","IN","en"
"1005","100000339059","IN","en"
"1006","100000338143","IN","en"
"1007","100000338382","IN","en"
"1008","100000338382","IN","en"
"1009","100000339455","IN","en"
"1010","100000339455","IN","en"
"1011","100000339711","CA","en"
"1013","100000339711","CA","en"
"1014","100000339711","CA","en"
"1016","100000338143","IN","en"
"1017","100000339059","IN","en"
"1018","100000339455","IN","en"
"1019","100000339455","IN","en"
"1020","100000339455","IN","en"
"1021","100000339455","IN","en"
"1022","100000339455","IN","en"
"1023","100000339455","IN","en"
"1024","100000339455","IN","en"
"1025","100000339455","IN","en"
"1029","100000339455","IN","en"
"1037","100000339455","IN","en"
"1040","100000339455","IN","en"
"1042","100000339455","IN","en"
"1043","100000339455","IN","en"
"1044","100000339455","IN","en"
"1045","100000339455","IN","en"
"1049","100000339455","IN","en"
"1050","100000339455","IN","en"
"1052","100000338143","IN","en"
"1054","100000339455","IN","en"
"1055","100000339455","IN","en"
"1056","100000339455","IN","en"
"1057","100000339455","IN","en"
"1058","100000339455","IN","en"
"1059","100000339455","IN","en"
"1060","100000339455","IN","en"
"1061","100000339059","IN","en"
"1064","100000339109","CA","en"
"1066","100000338143","IN","en"
"1070","100000339059","IN","en"
"1071","100000339455","IN","en"
"1072","100000340156","IN","en"
"1073","100000339059","IN","en"
"1074","100000339059","IN","en"
"1077","100000339059","IN","en"
"1078","100000339059","IN","en"
"1079","100000339059","IN","en"
"1080","100000339059","IN","en"
"1081","100000339323","IN","en"
"1082","100000339059","IN","en"
"1083","100000339059","IN","en"
"1084","100000338382","IN","en"
"1085","100000338143","IN","en"
"1086","100000339109","CA","en"
"1090","100000339109","CA","en"
"1093","100000339059","IN","en"
"1096","100000339109","CA","en"
"1098","100000339711","CA","en"
"1099","100000339711","CA","en"
"1100","100000339109","CA","en"
"1101","100000339711","CA","en"
"1102","100000339711","CA","en"
"1103","100000339711","CA","en"
"1105","100000339711","CA","en"
"1106","100000339299","CA","en"
"1108","100000339455","IN","en"
"1109","100000339323","IN","en"
"1112","100000339109","CA","en"
"1119","100000339059","IN","en"
"1122","100000339109","CA","en"
"1128","100000339109","CA","en"
"1129","100000339109","CA","en"
"1130","100000339109","CA","en"
"1131","100000339299","CA","en"
"1133","100000339109","CA","en"
"1135","100000339059","IN","en"
"1136","100000340222","IN","en"
"1137","100000340222","IN","en"
"1138","100000338143","IN","en"
"1139","100000340222","IN","en"
"1140","100000339109","CA","en"
"1141","100000339109","CA","en"
"1142","100000339109","CA","en"
"1145","100000339109","CA","en"
"1146","100000339109","CA","en"
"1147","100000339109","CA","en"
"1149","100000339059","IN","en"
"1151","100000339109","CA","en"
"1152","100000340255","IN","en"
"1172","100000340545","IN","en"
"1173","100000340545","IN","en"
"1174","100000340545","IN","en"
"1178","100000339059","IN","en"
"1179","100000338382","IN","en"
"1180","100000338143","IN","en"
"1184","100000338143","IN","en"
"1185","100000338143","IN","en"
"1186","100000338143","IN","en"
"1187","100000338143","IN","en"
"1189","100000338143","IN","en"
"1191","100000339059","IN","en"
"1192","100000338143","IN","en"
"1194","100000339059","IN","en"
"1195","100000338143","IN","en"
"1202","100000339059","IN","en"
"1208","100000339059","IN","en"
"1213","100000340446","IN","en"
"1214","100000340446","IN","en"
"1215","100000338143","IN","en"
"1217","100000338143","IN","en"
"1218","100000340446","IN","en"
"1220","100000340446","IN","en"
"1221","100000340446","IN","en"
"1222","100000340446","IN","en"
"1223","100000340446","IN","en"
"1224","100000338143","IN","en"
"1225","100000338143","IN","en"
"1227","100000338143","IN","en"
"1230","100000338143","IN","en"
"1231","100000338143","IN","en"
"1236","100000340669","IN","en"
"1239","100000340669","IN","en"
"1240","100000340669","IN","en"
"1241","100000340669","IN","en"
"1243","100000340669","IN","en"
"1244","100000340669","IN","en"
"1245","100000340669","IN","en"
"1246","100000340669","IN","en"
"1249","100000340669","IN","en"
"1250","100000340669","IN","en"
"1251","100000340669","IN","en"
"1252","100000340669","IN","en"
"1253","100000340669","IN","en"
"1254","100000340669","IN","en"
"1255","100000340669","IN","en"
"1256","100000340669","IN","en"
"1258","100000340669","IN","en"
"1261","100000339059","IN","en"
"1263","100000339059","IN","en"
"1265","100000339059","IN","en"
"1269","100000340628","IN","en"
"1281","100000339059","IN","en"
"1292","100000340446","IN","en"
"1293","100000340446","IN","en"
"1294","100000340446","IN","en"
"1301","100000340693","IN","en"
"1305","100000340743","IN","en"
"1308","100000340552","IN","en"
"1309","100000340552","IN","en"
"1313","100000338382","IN","en"
"1314","100000340552","IN","en"
"1318","100000339083","IN","en"
"1319","100000339109","CA","en"
"1320","100000339083","IN","en"
"1321","100000339083","IN","en"
"1322","100000339083","IN","en"
"1323","100000340271","IN","en"
"1324","100000340305","IN","en"
"1325","100000339083","IN","en"
"1326","100000339083","IN","en"
"1327","100000339083","IN","en"
"1328","100000339349","IN","en"
"1329","100000339109","CA","en"
"1330","100000339109","CA","en"
"1331","100000339109","CA","en"
"1332","100000339109","CA","en"
"1333","100000339299","CA","en"
"1335","100000339349","IN","en"
"1336","100000340545","IN","en"
"1337","100000340545","IN","en"
"1338","100000340826","IN","en"
"1339","100000340289","IN","en"
"1340","100000340289","IN","en"
"1343","100000339109","CA","en"
"1346","100000340545","IN","en"
"1348","100000340545","IN","en"
"1349","100000339109","CA","en"
"1350","100000339109","CA","en"
"1351","100000340693","IN","en"
"1352","100000340545","IN","en"
"1353","100000339109","CA","en"
"1354","100000339109","CA","en"
"1355","100000339109","CA","en"
"1356","100000339109","CA","en"
"1357","100000339109","CA","en"
"1358","100000339083","IN","en"
"1359","100000339109","CA","en"
"1366","100000339083","IN","en"
"1367","100000338143","IN","en"
"1368","100000340545","IN","en"
"1369","100000340545","IN","en"
"1370","100000340545","IN","en"
"1371","100000340545","IN","en"
"1372","100000340545","IN","en"
"1373","100000340545","IN","en"
"1374","100000340545","IN","en"
"1375","100000340545","IN","en"
"1376","100000340545","IN","en"
"1377","100000340545","IN","en"
"1378","100000340545","IN","en"
"1379","100000338143","IN","en"
"1381","100000339059","IN","en"
"1383","100000338143","IN","en"
"1384","100000339059","IN","en"
"1386","100000338143","IN","en"
"1387","100000338143","IN","en"
"1390","100000340545","IN","en"
"1391","100000340545","IN","en"
"1392","100000338143","IN","en"
"1394","100000339059","IN","en"
"1395","100000340545","IN","en"
"1397","100000341121","IN","en"
"1398","100000340545","IN","en"
"1399","100000340826","IN","en"
"1400","100000339059","IN","en"
"1401","100000338382","IN","en"
"1402","100000339059","IN","en"
"1403","100000339109","CA","en"
"1404","100000338143","IN","en"
"1405","100000339059","IN","en"
"1409","100000341097","IN","en"
"1418","100000341097","IN","en"
"1419","100000340545","IN","en"
"1420","100000338143","IN","en"
"1421","100000339711","CA","en"
"1422","100000339109","CA","en"
"1423","100000339083","IN","en"
"1425","100000340545","IN","en"
"1426","100000340545","IN","en"
"1427","100000340545","IN","en"
"1428","100000340545","IN","en"
"1430","100000338143","IN","en"
"1431","100000339109","CA","en"
"1432","100000338143","IN","en"
"1433","100000338143","IN","en"
"1434","100000338143","IN","en"
"1435","100000338143","IN","en"
"1436","100000340289","IN","en"
"1441","100000339059","IN","en"
"1442","100000339323","IN","en"
"1443","100000339323","IN","en"
"1444","100000339323","IN","en"
"1445","100000339323","IN","en"
"1446","100000339323","IN","en"
"1447","100000339323","IN","en"
"1448","100000339323","IN","en"
"1449","100000339323","IN","en"
"1450","100000339323","IN","en"
"1451","100000339323","IN","en"
"1452","100000339323","IN","en"
"1453","100000339323","IN","en"
"1455","100000339323","IN","en"
"1456","100000339059","IN","en"
"1457","100000339059","IN","en"
"1462","100000340545","IN","en"
"1463","100000340545","IN","en"
"1470","100000338143","IN","en"
"1481","100000338143","IN","en"
"1482","100000338143","IN","en"
"1483","100000338143","IN","en"
"1486","100000338143","IN","en"
"1488","100000338143","IN","en"
"1489","100000338143","IN","en"
"1490","100000338143","IN","en"
"1491","100000338143","IN","en"
"1492","100000338143","IN","en"
"1494","100000338143","IN","en"
"1496","100000338143","IN","en"
"1497","100000338143","US","en"
"1498","100000338143","IN","en"
"1499","100000338143","IN","en"
"1500","100000338143","IN","en"
"1502","100000340545","IN","en"
"1503","100000340545","IN","en"
"1504","100000340545","IN","en"
"1510","100000339323","IN","en"
"1514","100000340289","IN","en"
"1515","100000339059","IN","en"
"1519","100000339059","IN","en"
"1520","100000340289","IN","en"
"1524","100000339109","CA","en"
"1526","100000339059","IN","en"
"1527","100000338143","IN","en"
"1528","100000340446","IN","en"
"1529","100000340446","IN","en"
"1531","100000339059","IN","en"
"1532","100000339059","IN","en"
"1533","100000338143","IN","en"
"1534","100000338143","IN","en"
"1535","100000339059","IN","en"
"1538","100000340446","IN","en"
"1539","100000339323","IN","en"
"1543","100000339323","IN","en"
"1547","100000339323","IN","en"
"1552","100000339059","IN","en"
"1553","100000339059","IN","en"
"1554","100000339059","IN","en"
"1557","100000339083","IN","en"
"1558","100000339083","IN","en"
"1560","100000339059","IN","en"
"1564","100000340545","IN","en"
"1565","100000339059","IN","en"
"1575","100000341063","IN","en"
"1576","100000341063","IN","en"
"1582","100000338143","US","en"
"1583","100000338143","US","en"
"1584","100000340990","IN","en"
"1585","100000339059","IN","en"
"1586","100000338143","IN","en"
"1589","100000339059","IN","en"
"1597","100000339174","IN","en"
"1598","100000338143","US","en"
"1599","100000338143","US","en"
"1600","100000338143","US","en"
"1601","100000338143","US","en"
"1602","100000338143","US","en"
"1603","100000338143","US","en"
"1604","100000338143","US","en"
"1605","100000338143","US","en"
"1606","100000338143","US","en"
"1607","100000338143","US","en"
"1608","100000338143","US","en"
"1609","100000338143","US","en"
"1610","100000338143","US","en"
"1611","100000338143","US","en"
"1612","100000338143","US","en"
"1613","100000338143","US","en"
"1614","100000338143","US","en"
"1615","100000338143","US","en"
"1616","100000338143","US","en"
"1617","100000338143","US","en"
"1618","100000338143","US","en"
"1619","100000338143","US","en"
"1620","100000338143","US","en"
"1621","100000338143","US","en"
"1622","100000338382","IN","en"
"1623","100000338382","IN","en"
"1624","100000338382","IN","en"
"1625","100000338382","IN","en"
"1626","100000338382","IN","en"
"1627","100000338382","IN","en"
"1628","100000338382","IN","en"
"1629","100000338382","IN","en"
"1630","100000338382","IN","en"
"1631","100000338382","IN","en"
"1632","100000338382","IN","en"
"1633","100000338382","IN","en"
"1634","100000338382","IN","en"
"1635","100000338382","IN","en"
"1636","100000338382","IN","en"
"1637","100000338382","IN","en"
"1638","100000338382","IN","en"
"1639","100000338861","IN","en"
"1640","100000338143","US","en"
"1641","100000338143","US","en"
"1642","100000338143","US","en"
"1643","100000338143","US","en"
"1644","100000338143","US","en"
"1645","100000338143","US","en"
"1646","100000338143","US","en"
"1647","100000338143","US","en"
"1648","100000338143","US","en"
"1649","100000338143","US","en"
"1650","100000338143","US","en"
"1651","100000338143","US","en"
"1652","100000338143","US","en"
"1653","100000338143","US","en"
"1654","100000338143","US","en"
"1655","100000338143","US","en"
"1656","100000338143","US","en"
"1657","100000338143","US","en"
"1658","100000338267","IN","en"
"1659","100000338143","US","en"
"1660","100000338143","US","en"
"1661","100000340552","IN","en"
"1662","100000338143","IN","en"
"1672","100000340545","IN","en"
"1673","100000338143","IN","en"
"1674","100000338143","IN","en"
"1675","100000338143","US","en"
"1676","100000341410","IN","en"
"1677","100000339083","IN","en"
"1678","100000339083","CA","en"
"1679","100000339083","IN","en"
"1683","100000339711","CA","en"
"1684","100000339083","CA","en"
"1685","100000339083","IN","en"
"1686","100000339083","IN","en"
"1687","100000339083","IN","en"
"1694","100000340545","IN","en"
"1695","100000339059","IN","en"
"1696","100000339083","CA","en"
"1698","100000338143","DE","en"
"1699","100000338143","DE","en"
"1700","100000340545","IN","en"
"1701","100000340545","IN","en"
"1702","100000340545","IN","en"
"1703","100000340545","IN","en"
"1704","100000340545","IN","en"
"1705","100000340545","IN","en"
"1706","100000340545","IN","en"
"1707","100000340446","IN","en"
"1708","100000339083","IN","en"
"1709","100000342020","US","en"
"1710","100000342020","US","en"
"1711","100000342038","IN","en"
"1712","100000342020","US","en"
"1713","100000342012","IN","en"
"1714","100000341881","IN","en"
"1715","100000341832","IN","en"
"1716","100000342053","IN","en"
"1717","100000342046","IN","en"
"1718","100000342012","IN","hi"
"1719","100000342012","IN","hi"
"1720","100000342012","IN","en"
"1721","100000342038","IN","en"
"1722","100000342038","IN","en"
"1723","100000342012","IN","en"
"1724","100000342012","IN","en"
"1725","100000342012","IN","en"
"1726","100000342012","IN","en"
"1727","100000342012","IN","en"
"1728","100000340610","IN","en"
"1729","100000340610","IN","en"
"1730","100000340610","IN","en"
"1731","100000340610","IN","en"
"1732","100000340610","IN","en"
"1733","100000340610","IN","en"
"1734","100000340610","IN","en"
"1735","100000339083","IN","en"
"1736","100000340610","IN","hi"
"1737","100000339083","IN","en"
"1738","100000339059","IN","hi"
"1739","100000338143","IN","en"
"1740","100000340610","IN","en"
"1741","100000342020","IN","hi"
"1742","100000342020","IN","ar"
"1743","100000342020","IN","ar"
"1744","100000342020","IN","es"
"1745","100000342020","IN","fr"
"1746","100000342020","IN","en"
"1747","100000342020","IN","en"
"1748","100000342012","AE","ar"
"1749","100000342012","PL","pl"
"1750","100000342038","DE","de"
"1751","100000342012","FR","fr"
"1752","100000342012","IN","ar"
"1753","100000342038","IN","es"
"1754","100000342012","ES","es"
"1755","100000342012","FR","fr"
"1756","100000342038","IN","ar"
"1757","100000342053","IN","en"
"1758","100000342053","IN","en"
"1760","100000342053","IN","en"
"1761","100000342053","IN","en"
"1762","100000342053","IN","en"
"1763","100000342053","IN","en"
"1764","100000342095","IN","en"
"1765","100000342038","IN","en"
"1767","100000341832","IN","en"
"1769","100000342053","IN","es"
"1770","100000342053","IN","en"
"1771","100000342053","IN","en"
"1772","100000342053","IN","hi"
"1773","100000342053","IN","en"
"1774","100000341832","IN","en"
"1775","100000342053","IN","en"
"1776","100000342053","IN","en"
"1777","100000342053","IN","en"
"1778","100000342053","IN","en"
"1779","100000342053","IN","en"
"1780","100000342053","IN","en"
"1781","100000342053","IN","ar"
"1782","100000342053","IN","ar"
"1783","100000342053","IN","en"
"1784","100000342053","IN","hi"
"1785","100000342053","IN","en"
"1786","100000341832","IN","en"
"1787","100000342053","IN","en"
"1789","100000342053","IN","en"
"1790","100000342053","IN","hi"
"1791","100000342053","IN","hi"
"1792","100000342053","IN","en"
"1793","100000342053","IN","hi"
"1794","100000341832","IN","en"
"1795","100000342053","IN","ar"
"1796","100000342053","IN","ar"
"1797","100000342053","IN","hi"
"1798","100000342053","IN","en"
"1799","100000342053","IN","hi"
"1800","100000342053","IN","hi"
"1801","100000342053","IN","hi"
"1802","100000342053","IN","en"
"1803","100000342053","IN","fr"
"1804","100000342095","IN","en"
"1805","100000342095","IN","en"
"1806","100000342038","IN","en"
"1807","100000342038","IN","en"
"1808","100000342038","IN","en"
"1809","100000342103","US","en"
"1810","100000342103","US","en"
"1811","100000342020","IN","en"
"1812","100000342020","IN","en"
"1813","100000342020","IN","en"
"1814","100000342020","IN","en"
"1815","100000342012","IN","en"
"1816","100000342012","IN","en"
"1817","100000342020","IN","en"
"1818","100000342012","IN","en"
"1819","100000342012","IN","en"
"1820","100000342020","IN","en"
"1821","100000342020","IN","en"
"1824","100000342046","IN","en"
"1825","100000342053","IN","en"
"1826","100000342053","IN","hi"
"1827","100000342095","IN","en"
"1828","100000342053","IN","en"
"1829","100000342053","IN","ar"
"1830","100000342046","IN","en"
"1831","100000341832","IN","en"
"1832","100000339083","IN","en"
"1833","100000339083","IN","en"
"1834","100000339083","IN","en"
"1835","100000339083","IN","en"
"1836","100000339083","IN","en"
"1837","100000339083","IN","en"
"1838","100000342186","IN","en"
"1839","100000342194","IN","en"
"1840","100000342210","IN","en"
"1841","100000342269","IN","en"
"1842","100000342319","IN","en"
"1843","100000342202","IN","en"
"1844","100000342335","IN","en"
"1845","100000342277","IN","en"
"1846","100000342244","IN","en"
"1847","100000342301","IN","en"
"1848","100000342327","IN","en"
"1849","100000342228","IN","en"
"1850","100000342293","IN","en"
"1851","100000342343","IN","en"
"1852","100000342251","IN","en"
"1853","100000342236","IN","en"
"1854","100000342301","IN","en"
"1855","100000342210","IN","en"
"1856","100000342228","IN","en"
"1857","100000342269","IN","en"
"1858","100000342244","IN","en"
"1859","100000342186","IN","en"
"1860","100000342293","IN","en"
"1861","100000342236","IN","en"
"1862","100000342277","IN","en"
"1863","100000342251","IN","en"
"1864","100000342202","IN","en"
"1865","100000342327","IN","en"
"1866","100000342194","IN","en"
"1867","100000342319","IN","en"
"1868","100000342335","IN","en"
"1869","100000342343","IN","en"
"1870","100000339083","IN","en"
"1871","100000339323","IN","en"
"1872","100000339083","IN","en"
"1873","100000342186","IN","en"
"1874","100000342319","IN","en"
"1875","100000342186","IN","en"
"1876","100000342319","IN","en"
"1877","100000342186","IN","en"
"1878","100000342319","IN","en"
"1879","100000342186","IN","en"
"1880","100000342368","IN","en"
"1881","100000342350","IN","en"
"1882","100000342368","IN","en"
"1883","100000342350","IN","en"
"1884","100000342368","IN","en"
"1885","100000342350","IN","en"
"1886","100000342384","IN","en"
"1887","100000342376","IN","en"
"1888","100000342384","IN","en"
"1889","100000342376","IN","en"
"1890","100000342186","IN","en"
"1891","100000342186","IN","en"
"1892","100000342194","IN","en"
"1893","100000341832","IN","en"
"1894","100000341881","IN","en"
"1895","100000342053","IN","en"
"1896","100000342053","IN","en"
"1897","100000341832","IN","en"
"1898","100000342053","IN","en"
"1899","100000342129","US","en"
"1900","100000342053","IN","en"
"1901","100000341931","IN","en"
"1902","100000341832","IN","en"
"1903","100000342053","IN","en"
"1904","100000342053","IN","en"
"1905","100000341881","IN","en"
"1906","100000342046","IN","fr"
"1907","100000342053","IN","hi"
"1908","100000342046","IN","en"
"1909","100000342046","IN","en"
"1910","100000342053","IN","en"
"1914","100000340446","IN","en"
"1915","100000340446","IN","en"
"1916","100000340446","IN","en"
"1917","100000342392","IN","en"
"1918","100000340446","IN","en"
"1919","100000342392","IN","en"
"1920","100000342012","IN","en"
"1921","100000342012","IN","en"
"1922","100000342012","IN","en"
"1924","100000342012","IN","en"
"1925","100000342038","IN","en"
"1926","100000342012","IN","en"
"1927","100000342038","IN","en"
"1928","100000342038","IN","en"
"1929","100000340446","IN","en"
"1933","100000342020","IN","en"
"1935","100000342186","US","en"
"1936","100000342194","IN","hi"
"1937","100000342202","IN","ar"
"1938","100000342202","IN","ar"
"1939","100000342186","IN","en"
"1940","100000342194","IN","hi"
"1941","100000342202","IN","ar"
"1942","100000342038","IN","en"
"1943","100000342038","IN","en"
"1944","100000342038","IN","en"
"1945","100000342038","IN","en"
"1946","100000342012","IN","en"
"1947","100000342012","IN","en"
"1948","100000342012","IN","en"
"1949","100000342012","IN","en"
"1950","100000342012","IN","en"
"1951","100000338143","IN","en"
"1952","100000339083","IN","en"
"1953","100000339083","IN","en"
"1954","100000342012","IN","en"
"1956","100000342012","IN","en"
"1957","100000342012","IN","en"
"1960","100000342012","IN","en"
"1961","100000339059","US","en"
"1962","100000338143","US","en"
"1963","100000342012","IN","en"
"1964","100000342012","IN","en"
"1965","100000339059","US","en"
"1966","100000340446","IN","en"
"1967","100000339059","US","en"
"1968","100000339059","US","en"
"1972","100000340446","IN","en"
"1973","100000340446","IN","en"
"1975","100000339059","IN","en"
"1976","100000340446","IN","en"
"1977","100000340446","IN","en"
"1978","100000340446","IN","en"
"1980","100000342467","IN","en"
"1982","100000342467","US","en"
"1983","100000340446","IN","en"
"1984","100000342467","IN","en"
"1985","100000339059","IN","en"
"1986","100000339059","IN","en"
"1987","100000339059","US","en"
"1988","100000342012","IN","en"
"1989","100000342020","GB","en"
"1990","100000342020","GB","en"
"1991","100000342012","IN","en"
"1992","100000339059","IN","en"
"1993","100000340446","IN","en"
"1994","100000342012","IN","en"
"1995","100000342012","GB","en"
"1996","100000342012","GB","en"
"1997","100000342012","GB","en"
"1998","100000339059","IN","en"
"1999","100000340446","IN","en"
"2000","100000340446","IN","en"
"2001","100000340446","IN","en"
"2002","100000340446","IN","en"
"2005","100000340446","IN","en"
"2007","100000340446","IN","en"
"2008","100000340446","IN","en"
"2017","100000340446","IN","en"
"2019","100000340446","IN","en"
"2020","100000340446","IN","en"
"2021","100000340446","IN","en"
"2022","100000340446","IN","en"
"2024","100000340446","IN","en"
"2059","100000342012","IN","en"
"2064","100000342020","IN","en"
"2065","100000342103","IN","en"
"2066","100000342012","IN","en"
"2067","100000342020","IN","es"
"2069","100000342020","IN","hi"
"2070","100000342020","IN","es"
"2071","100000342020","IN","fr"
"2072","100000339323","IN","en"
"2073","100000342012","IN","es"
"2074","100000342012","IN","ar"
"2075","100000342012","IN","en"
"2076","100000342012","IN","hi"
"2078","100000342020","IN","en"
"2079","100000339109","CA","en"
"2080","100000339059","US","en"
"2082","100000339059","AE","ar"
"2083","100000340545","IN","en"
"2085","100000339323","IN","en"
"2086","100000342632","US","en"
"2087","100000342632","US","en"
"2088","100000340446","IN","en"
"2089","100000340446","IN","en"
"2090","100000340446","IN","en"
"2091","100000340446","IN","en"
"2092","100000340446","IN","en"
"2093","100000340446","IN","en"
"2094","100000340446","IN","en"
"2095","100000340446","IN","en"
"2096","100000340446","IN","en"
"2097","100000340446","IN","en"
"2098","100000340446","IN","en"
"2099","100000340446","IN","en"
"2101","100000340446","IN","en"
"2102","100000340610","IN","en"
"2103","100000340446","IN","en"
"2104","100000340446","IN","en"
"2105","100000340446","IN","en"
"2106","100000340446","IN","en"
"2107","100000340610","IN","en"
"2108","100000340446","IN","en"
"2109","100000340610","IN","en"
"2110","100000340446","IN","en"
"2111","100000340610","IN","en"
"2112","100000340610","IN","en"
"2113","100000342012","IN","en"
"2114","100000342020","IN","en"
"2115","100000342012","IN","en"
"2116","100000339059","IN","en"
"2117","100000342038","IN","en"
"2118","100000339059","US","en"
"2120","100000339059","IN","en"
"2121","100000339059","US","en"
"2122","100000340446","IN","en"
"2123","100000340826","IN","en"
"2124","100000342012","IN","en"
"2125","100000342012","IN","en"
"2126","100000342012","IN","en"
"2127","100000342103","IN","en"
"2128","100000342103","IN","en"
"2129","100000342012","IN","en"
"2130","100000342012","IN","en"
"2131","100000342020","IN","en"
"2132","100000342020","IN","en"
"2133","100000342020","IN","en"
"2134","100000339059","US","en"
"2135","100000343036","IN","en"
"2136","100000338143","IN","en"
"2137","100000339059","US","en"
"2138","100000339059","IN","en"
"2139","100000342012","GB","en"
"2140","100000342012","GB","en"
"2141","100000338143","IN","en"
"2142","100000338143","IN","en"
"2143","100000342012","GB","en"
"2144","100000338143","IN","en"
"2145","100000342855","US","en"
"2146","100000342855","US","en"
"2147","100000342855","IN","en"
"2148","100000342855","US","en"
"2149","100000342012","IN","en"
"2150","100000342855","IN","en"
"2151","100000342855","US","en"
"2152","100000342855","IN","en"
"2153","100000340446","IN","en"
"2154","100000339083","CA","en"
"2155","100000339083","CA","en"
"2156","100000339323","IN","en"
"2157","100000338382","CA","en"
"2158","100000339323","CA","en"
"2159","100000339323","CA","en"
"2160","100000339323","CA","en"
"2161","100000339323","CA","en"
"2162","100000339323","CA","en"
"2163","100000339323","CA","en"
"2164","100000339323","CA","en"
"2165","100000339323","CA","en"
"2166","100000339323","CA","en"
"2167","100000339323","CA","en"
"2168","100000339323","CA","en"
"2169","100000339323","CA","en"
"2170","100000339323","CA","en"
"2171","100000339323","CA","en"
"2172","100000339323","CA","en"
"2173","100000339323","CA","en"
"2174","100000342012","IN","en"
"2176","100000339323","CA","en"
"2177","100000340446","IN","en"
"2178","100000339059","IN","en"
"2179","100000340446","IN","en"
"2180","100000342012","IN","en"
"2181","100000342012","IN","en"
"2186","100000338143","IN","en"
"2187","100000338143","IN","en"
"2188","100000338143","IN","en"
"2189","100000338143","IN","en"
"2190","100000342848","US","en"
"2191","100000339083","IN","en"
"2192","100000343085","IN","en"
"2194","100000339059","US","en"
"2195","100000339059","US","en"
"2196","100000339059","IN","en"
"2197","100000339059","IN","en"
"2201","100000343085","IN","en"
"2203","100000338143","IN","en"
"2204","100000338143","IN","en"
"2205","100000338143","IN","en"
"2206","100000338143","IN","en"
"2207","100000338143","IN","en"
"2208","100000338143","IN","en"
"2209","100000338143","IN","en"
"2210","100000338143","IN","en"
"2211","100000338143","IN","en"
"2213","100000338143","IN","en"
"2214","100000338143","IN","en"
"2215","100000338143","IN","en"
"2216","100000338143","IN","en"
"2217","100000338143","IN","en"
"2218","100000338143","IN","en"
"2219","100000338143","IN","en"
"2220","100000338143","IN","en"
"2221","100000339059","IN","en"
"2222","100000339059","IN","en"
"2224","100000339059","IN","en"
"2225","100000339059","US","en"
"2227","100000339059","US","en"
"2228","100000339059","IN","en"
"2229","100000339059","IN","en"
"2230","100000338143","IN","en"
"2231","100000338143","IN","en"
"2232","100000338143","IN","en"
"2233","100000338143","IN","en"
"2234","100000338143","IN","en"
"2235","100000338143","IN","en"
"2236","100000338143","IN","en"
"2237","100000338143","IN","en"
"2238","100000338143","IN","en"
"2239","100000340446","IN","en"
"2240","100000338143","IN","en"
"2241","100000338143","IN","en"
"2242","100000340446","IN","en"
"2243","100000340446","IN","en"
"2244","100000340446","IN","en"
"2245","100000339059","IN","en"
"2246","100000343382","US","en"
"2247","100000338143","IN","en"
"2248","100000338143","IN","en"
"2249","100000339059","IN","en"
"2250","100000339059","US","en"
"2251","100000338143","IN","en"
"2252","100000338143","IN","en"
"2253","100000339059","IN","en"
"2254","100000338143","IN","en"
"2255","100000339059","US","en"
"2256","100000338143","IN","en"
"2257","100000338143","IN","en"
"2258","100000338143","IN","en"
"2259","100000338143","IN","en"
"2260","100000339059","IN","en"
"2261","100000338143","IN","en"
"2262","100000338143","IN","en"
"2263","100000338143","IN","en"
"2264","100000338143","IN","en"
"2265","100000338143","IN","en"
"2266","100000338143","IN","en"
"2267","100000338143","IN","en"
"2268","100000338143","IN","en"
"2269","100000338143","IN","en"
"2270","100000338143","IN","en"
"2271","100000338143","IN","en"
"2273","100000338143","IN","en"
"2274","100000338143","IN","en"
"2275","100000340446","IN","en"
"2276","100000340446","IN","en"
"2277","100000338143","IN","en"
"2278","100000340446","IN","en"
"2279","100000338143","IN","en"
"2280","100000340446","IN","en"
"2281","100000340446","IN","en"
"2282","100000338143","IN","en"
"2283","100000339083","IN","en"
"2284","100000339059","IN","en"
"2285","100000338143","IN","en"
"2286","100000339059","IN","en"
"2287","100000338143","IN","en"
"2288","100000338143","IN","en"
"2289","100000338143","IN","en"
"2290","100000338143","IN","en"
"2291","100000338143","IN","en"
"2292","100000338143","IN","en"
"2293","100000338143","IN","en"
"2294","100000339059","IN","en"
"2295","100000342012","IN","en"
"2296","100000342012","IN","en"
"2297","100000339059","IN","en"
"2298","100000339059","IN","en"
"2299","100000339059","IN","en"
"2300","100000339059","IN","en"
"2301","100000339059","IN","en"
"2302","100000339059","IN","en"
"2303","100000343382","IN","en"
"2304","100000338143","IN","en"
"2306","100000343382","IN","en"
"2307","100000338143","IN","en"
"2308","100000338143","IN","en"
"2309","100000338143","IN","en"
"2310","100000338143","IN","en"
"2311","100000338069","IN","en"
"2312","100000339083","IN","en"
"2313","100000342392","IN","en"
"2314","100000338382","IN","en"
"2315","100000343812","IN","en"
"2316","100000339109","CA","en"
"2317","100000342012","IN","en"
"2318","100000338382","IN","en"
"2319","100000338143","IN","en"
"2320","100000338143","IN","en"
"2322","100000339059","IN","en"
"2323","100000339059","IN","en"
"2324","100000343754","IN","en"
"2325","100000342012","IN","en"
"2326","100000343754","IN","en"
"2327","100000338143","IN","en"
"2328","100000343754","IN","en"
"2329","100000342012","IN","en"
"2330","100000342012","IN","en"
"2331","100000342012","IN","en"
"2332","100000343754","IN","en"
"2333","100000342038","IN","en"
"2334","100000342038","IN","en"
"2335","100000343754","IN","en"
"2336","100000342038","US","en"
"2337","100000342038","US","en"
"2338","100000343754","IN","en"
"2339","100000342038","IN","en"
"2340","100000343754","IN","en"
"2341","100000342012","US","en"
"2342","100000342012","US","en"
"2343","100000342012","US","en"
"2344","100000343754","IN","en"
"2345","100000343853","IN","en"
"2346","100000342012","US","en"
"2347","100000338143","IN","en"
"2348","100000343382","IN","en"
"2349","100000338382","IN","en"
"2350","100000338382","IN","en"
"2351","100000342038","IN","en"
"2352","100000338143","IN","en"
"2353","100000342871","IN","en"
"2354","100000338143","IN","en"
"2355","100000338143","IN","en"
"2356","100000343887","IN","en"
"2357","100000338143","IN","en"
"2358","100000343853","IN","en"
"2359","100000343838","IN","en"
"2360","100000338143","IN","en"
"2361","100000342459","IN","en"
"2362","100000339059","IN","en"
"2363","100000342459","IN","en"
"2364","100000338143","IN","en"
"2365","100000339059","IN","en"
"2366","100000339059","IN","en"
"2367","100000339059","IN","en"
"2368","100000339059","IN","en"
"2369","100000339059","IN","en"
"2370","100000339059","IN","en"
"2371","100000339059","IN","en"
"2372","100000339059","IN","en"
"2373","100000338143","IN","en"
"2374","100000338143","IN","en"
"2375","100000339059","IN","en"
"2376","100000338143","IN","en"
"2377","100000339059","IN","en"
"2378","100000339059","US","en"
"2379","100000338143","IN","en"
"2380","100000338143","IN","en"
"2381","100000339059","IN","en"
"2382","100000339059","IN","en"
"2383","100000339059","IN","en"
"2384","100000339059","IN","en"
"2385","100000339059","IN","en"
"2386","100000338382","IN","en"
"2387","100000342871","US","en"
"2388","100000338143","IN","en"
"2389","100000338143","IN","en"
"2390","100000342020","IN","en"
"2391","100000342020","IN","en"
"2392","100000338143","IN","en"
"2393","100000338143","IN","en"
"2394","100000342871","IN","en"
"2395","100000343077","IN","en"
"2397","100000343382","IN","en"
"2398","100000338143","IN","en"
"2399","100000343101","IN","en"
"2400","100000342871","IN","en"
"2401","100000342012","US","en"
"2402","100000343085","IN","en"
"2403","100000342020","IN","en"
"2404","100000342012","IN","en"
"2405","100000343028","IN","en"
"2406","100000343085","IN","en"
"2407","100000342012","IN","en"
"2408","100000338143","IN","en"
"2409","100000339109","CA","en"
"2410","100000338143","IN","en"
"2411","100000342012","US","en"
"2412","100000342012","US","en"
"2413","100000342012","US","en"
"2414","100000342038","US","en"
"2415","100000339059","IN","en"
"2416","100000339059","IN","en"
"2417","100000339059","IN","en"
"2418","100000342392","IN","en"
"2419","100000343812","IN","en"
"2420","100000342392","IN","en"
"2421","100000342392","IN","en"
"2422","100000342392","IN","en"
"2423","100000339059","IN","en"
"2424","100000339059","IN","en"
"2425","100000339059","IN","en"
"2426","100000339059","IN","en"
"2427","100000339059","IN","en"
"2428","100000339059","IN","en"
"2429","100000338143","IN","en"
"2430","100000338143","IN","en"
"2431","100000338143","IN","en"
"2432","100000338143","IN","en"
"2433","100000342020","IN","en"
"2434","100000342020","GB","en"
"2435","100000339059","IN","en"
"2436","100000339059","IN","en"
"2437","100000338143","RO","en"
"2438","100000342012","IN","en"
"2439","100000342020","IN","en"
"2440","100000338143","US","en"
"2441","100000342020","IN","en"
"2442","100000342020","IN","en"
"2443","100000338143","RO","en"
"2444","100000340446","IN","en"
"2445","100000340446","IN","en"
"2446","100000342871","IN","en"
"2447","100000339059","RO","en"
"2448","100000340446","IN","en"
"2449","100000340446","IN","en"
"2450","100000340446","IN","en"
"2451","100000340446","IN","en"
"2452","100000342871","IN","en"
"2453","100000342871","IN","en"
"2454","100000339059","RO","en"
"2455","100000339059","RO","en"
"2456","100000343085","IN","en"
"2457","100000343085","IN","en"
"2458","100000342012","IN","en"
"2459","100000343085","IN","en"
"2460","100000343085","IN","en"
"2461","100000339059","RO","en"
"2462","100000339059","RO","en"
"2463","100000342012","IN","en"
"2464","100000339059","RO","en"
"2465","100000339059","US","en"
"2466","100000339059","IN","en"
"2467","100000339059","IN","en"
"2468","100000338143","IN","en"
"2469","100000343085","US","en"
"2470","100000343085","US","en"
"2471","100000343085","IN","en"
"2472","100000342020","IN","en"
"2473","100000342020","IN","en"
"2474","100000342012","US","en"
"2475","100000342020","IN","en"
"2476","100000342020","IN","en"
"2477","100000342020","IN","en"
"2478","100000339059","IN","en"
"2479","100000342020","IN","en"
"2480","100000339059","IN","en"
"2481","100000343085","RO","en"
"2482","100000342020","IN","en"
"2483","100000342020","GB","en"
"2484","100000342020","GB","en"
"2485","100000343085","US","en"
"2486","100000339059","IN","en"
"2488","100000342020","IN","en"
"2489","100000342020","GB","en"
"2490","100000343085","US","en"
"2491","100000342020","GB","en"
"2492","100000343085","IN","en"
"2493","100000343085","IN","en"
"2494","100000343085","IN","en"
"2495","100000339059","IN","en"
"2496","100000339059","IN","en"
"2497","100000338143","IN","en"
"2498","100000339059","RO","en"
"2499","100000342020","IN","en"
"2500","100000339083","IN","en"
"2501","100000342020","GB","en"
"2502","100000339059","RO","en"
"2503","100000339059","RO","en"
"2504","100000342038","IN","en"
"2505","100000339083","IN","en"
"2506","100000342020","IN","en"
"2507","100000342038","IN","en"
"2508","100000342038","IN","en"
"2509","100000342012","US","en"
"2510","100000339083","IN","en"
"2511","100000339083","IN","en"
"2512","100000342020","GB","en"
"2513","100000342020","GB","en"
"2514","100000342020","IN","en"
"2515","100000342020","IN","en"
"2516","100000342020","IN","en"
"2517","100000342020","IN","en"
"2518","100000342020","IN","en"
"2519","100000342020","GB","en"
"2520","100000342020","IN","en"
"2521","100000342020","IN","en"
"2522","100000342038","IN","en"
"2523","100000343085","IN","en"
"2524","100000342020","IN","en"
"2525","100000342020","IN","en"
"2526","100000339109","CA","en"
"2527","100000342020","US","en"
"2528","100000339109","CA","en"
"2529","100000342012","GB","en"
"2531","100000342020","US","en"
"2533","100000342012","GB","en"
"2534","100000342020","US","en"
"2535","100000342020","US","en"
"2536","100000342012","GB","en"
"2537","100000342012","GB","en"
"2541","100000343788","IN","en"
"2542","100000342012","GB","en"
"2543","100000342012","GB","en"
"2544","100000343788","US","en"
"2545","100000343788","IN","en"
"2546","100000343085","IN","en"
"2547","100000342012","GB","en"
"2548","100000342012","GB","en"
"2549","100000343085","US","en"
"2550","100000342020","US","en"
"2551","100000342012","GB","en"
"2552","100000342020","IN","en"
"2553","100000342012","US","en"
"2554","100000342012","US","en"
"2555","100000342392","IN","en"
"2556","100000342392","IN","en"
"2557","100000342392","GB","en"
"2558","100000342392","GB","en"
"2559","100000342392","GB","en"
"2560","100000339109","CA","en"
"2561","100000339109","CA","en"
"2562","100000339059","IN","en"
"2563","100000339059","IN","en"
"2564","100000342012","GB","en"
"2565","100000343788","IN","en"
"2566","100000343788","US","en"
"2567","100000343788","US","en"
"2568","100000343788","IN","en"
"2569","100000343788","US","en"
"2570","100000343788","IN","en"
"2571","100000343788","US","en"
"2572","100000342194","IN","en"
"2573","100000342392","RO","en"
"2574","100000342194","GB","en"
"2575","100000342392","US","en"
"2576","100000342194","GB","en"
"2577","100000342012","IN","en"
"2578","100000342012","IN","en"
"2579","100000342392","US","en"
"2580","100000342194","IN","en"
"2581","100000343788","IN","en"
"2582","100000339109","CA","en"
"2583","100000340446","IN","en"
"2584","100000340446","IN","en"
"2585","100000340446","IN","en"
"2587","100000339059","IN","en"
"2588","100000339059","IN","en"
"2589","100000342194","IN","en"
"2590","100000342194","IN","en"
"2591","100000342194","GB","en"
"2592","100000343788","IN","en"
"2593","100000342848","IN","en"
"2594","100000342194","IN","en"
"2595","100000342194","GB","en"
"2596","100000342012","IN","en"
"2597","100000342194","IN","en"
"2598","100000342194","IN","en"
"2599","100000342194","IN","en"
"2600","100000342012","IN","en"
"2601","100000342194","IN","en"
"2602","100000343788","US","en"
"2603","100000343788","IN","en"
"2604","100000343788","US","en"
"2605","100000339059","RO","en"
"2606","100000340446","IN","en"
"2607","100000340446","IN","en"
"2608","100000340446","IN","en"
"2609","100000340446","IN","en"
"2610","100000340214","IN","en"
"2611","100000340214","IN","en"
"2612","100000340446","IN","en"
"2613","100000340446","IN","en"
"2614","100000343085","IN","en"
"2615","100000339059","IN","en"
"2616","100000339059","IN","en"
"2617","100000339059","IN","en"
"2618","100000339059","IN","en"
"2619","100000340214","IN","en"
"2620","100000340214","IN","en"
"2621","100000340214","IN","en"
"2622","100000343085","IN","en"
"2623","100000343085","IN","en"
"2624","100000339059","IN","en"
"2626","100000343085","IN","en"
"2627","100000339059","IN","en"
"2629","100000343085","IN","en"
"2635","100000340214","IN","en"
"2638","100000340214","IN","en"
"2639","100000340214","IN","en"
"2640","100000339059","IN","en"
"2641","100000340214","IN","en"
"2642","100000339059","IN","en"
"2643","100000339059","IN","en"
"2644","100000340446","IN","en"
"2645","100000339059","IN","en"
"2646","100000340214","IN","en"
"2647","100000340214","IN","en"
"2648","100000340214","IN","en"
"2649","100000343085","IN","en"
"2650","100000343093","IN","en"
"2651","100000343093","IN","en"
"2652","100000339059","IN","en"
"2653","100000343085","IN","en"
"2654","100000344133","IN","en"
"2655","100000344042","IN","en"
"2656","100000340156","IN","en"
"2689","100000339323","IN","en"
"2690","100000338382","IN","en"
"2691","100000338382","IN","en"
"2692","100000339083","IN","en"
"2693","100000339083","IN","en"
"2694","100000345569","IN","en"
"2695","100000342020","IN","en"
"2696","100000339083","IN","en"
"2697","100000343812","IN","en"
"2698","100000343812","IN","en"
"2699","100000343085","IN","en"
"2700","100000345817","US","en"
"2701","100000342012","IN","en"
"2702","100000342012","IN","en"
"2703","100000342012","US","en"
"2704","100000342012","US","en"
"2705","100000339083","IN","en"
"2706","100000342038","IN","en"
"2707","100000346062","IN","en"
"2708","100000342012","IN","en"
"2709","100000340545","GB","en"
"2710","100000340545","GB","en"
"2711","100000342038","IN","en"
"2712","100000342038","IN","en"
"2713","100000342038","US","en"
"2714","100000346146","IN","en"
"2715","100000346146","IN","en"
"2716","100000343093","IN","en"
"2717","100000343093","IN","en"
"2718","100000340545","IN","en"
"2719","100000346088","IN","en"
"2720","100000340545","IN","en"
"2721","100000345692","IN","en"
"2722","100000345692","IN","en"
"2723","100000345692","IN","en"
"2724","100000345692","IN","en"
"2725","100000345692","IN","en"
"2726","100000345692","IN","en"
"2729","100000345726","IN","en"
"2730","100000342103","IN","en"
"2760","100000346294","IN","en"
"2761","100000346294","IN","en"
"2762","100000346294","IN","en"
"2768","100000342012","IN","en"
"2769","100000342012","IN","en"
"2770","100000342186","IN","en"
"2772","100000339059","IN","en"
"2773","100000339059","IN","en"
"2774","100000339059","IN","en"
"2775","100000339059","IN","en"
"2776","100000339059","IN","en"
"2777","100000339059","IN","en"
"2779","100000339059","US","en"
"2780","100000339059","IN","en"
"2781","100000342020","IN","en"
"2782","100000342012","IN","en"
"2783","100000339059","IN","en"
"2784","100000339059","IN","en"
"2785","100000339059","IN","en"
"2786","100000339059","IN","en"
"2787","100000339752","IN","en"
"2788","100000339752","IN","en"
"2789","100000339752","IN","en"
"2790","100000342012","IN","en"
"2791","100000342012","IN","en"
"2792","100000342012","IN","en"
"2793","100000342012","IN","en"
"2794","100000342012","IN","en"
"2795","100000344042","US","en"
"2796","100000342012","IN","en"
"2797","100000344042","IN","en"
"2798","100000342012","IN","en"
"2799","100000339109","CA","en"
"2802","100000342012","US","en"
"2805","100000339059","IN","en"
"2806","100000339059","IN","en"
"2807","100000340545","IN","en"
"2808","100000340545","IN","en"
"2809","100000339059","IN","en"
"2810","100000342012","IN","en"
"2811","100000342012","IN","en"
"2812","100000342012","IN","en"
"2813","100000342012","IN","en"
"2814","100000342012","IN","en"
"2815","100000339059","IN","en"
"2816","100000339059","IN","en"
"2817","100000342012","IN","en"
"2818","100000339059","IN","en"
"2819","100000342012","IN","en"
"2820","100000342012","US","en"
"2821","100000342012","IN","en"
"2822","100000342012","US","en"
"2823","100000342020","IN","en"
"2824","100000339059","IN","en"
"2825","100000339059","IN","en"
"2826","100000339059","IN","en"
"2827","100000339059","IN","en"
"2828","100000342012","US","en"
"2829","100000342012","US","en"
"2830","100000342012","IN","en"
"2831","100000339059","US","en"
"2832","100000342038","IN","en"
"2833","100000342012","IN","en"
"2834","100000342012","IN","en"
"2835","100000342012","IN","en"
"2836","100000342012","IN","en"
"2837","100000342012","IN","en"
"2838","100000342012","IN","en"
"2839","100000342012","IN","en"
"2840","100000342012","IN","en"
"2841","100000339059","IN","en"
"2842","100000346062","IN","en"
"2843","100000342012","IN","en"
"2844","100000346062","IN","en"
"2845","100000342012","IN","en"
"2846","100000342012","IN","en"
"2847","100000342012","IN","en"
"2848","100000342012","IN","en"
"2849","100000342012","IN","en"
"2850","100000342012","IN","en"
"2851","100000342038","IN","en"
"2852","100000346062","IN","en"
"2853","100000340545","IN","en"
"2854","100000342012","IN","en"
"2855","100000342012","IN","en"
"2856","100000342012","IN","en"
"2857","100000342012","IN","en"
"2858","100000342012","IN","en"
"2859","100000342012","IN","en"
"2860","100000342012","IN","en"
"2861","100000342012","IN","en"
"2862","100000342012","IN","en"
"2863","100000339323","IN","en"
"2864","100000342012","IN","en"
"2865","100000342012","IN","en"
"2866","100000342012","IN","en"
"2867","100000342012","IN","en"
"2868","100000342012","IN","en"
"2869","100000342012","IN","en"
"2870","100000342012","IN","en"
"2871","100000342038","IN","en"
"2872","100000342038","IN","en"
"2873","100000342038","IN","en"
"2874","100000342038","IN","en"
"2875","100000342038","IN","en"
"2876","100000342012","IN","en"
"2877","100000342012","IN","en"
"2878","100000342012","IN","en"
"2879","100000342020","IN","en"
"2880","100000342020","IN","en"
"2881","100000342020","IN","en"
"2882","100000342020","IN","en"
"2883","100000342020","IN","en"
"2884","100000342020","IN","en"
"2885","100000342020","IN","en"
"2886","100000342020","IN","en"
"2888","100000342020","IN","en"
"2890","100000342012","IN","en"
"2891","100000346492","IN","en"
"2892","100000346492","IN","en"
"2893","100000346492","IN","en"
"2894","100000346633","IN","en"
"2895","100000346633","IN","en"
"2898","100000346625","IN","en"
"2899","100000346625","IN","en"
"2901","100000346617","IN","en"
"2904","100000346609","IN","en"
"2905","100000346609","IN","en"
"2907","100000346591","IN","en"
"2909","100000346583","IN","en"
"2910","100000346583","IN","en"
"2911","100000346583","IN","en"
"2912","100000346575","IN","en"
"2913","100000346575","IN","en"
"2914","100000346575","IN","en"
"2915","100000346567","IN","en"
"2916","100000346567","IN","en"
"2919","100000346542","IN","en"
"2920","100000346542","IN","en"
"2921","100000346559","IN","en"
"2922","100000346559","IN","en"
"2923","100000346559","IN","en"
"2925","100000346534","IN","en"
"2926","100000346534","IN","en"
"2927","100000346526","IN","en"
"2928","100000346526","IN","en"
"2929","100000346526","IN","en"
"2930","100000346518","IN","en"
"2931","100000346518","IN","en"
"2932","100000346518","IN","en"
"2933","100000339059","IN","en"
"2935","100000346526","IN","en"
"2936","100000346518","IN","en"
"2937","100000346559","IN","en"
"2938","100000346526","IN","en"
"2939","100000346559","IN","en"
"2940","100000346526","IN","en"
"2941","100000346518","IN","en"
"2942","100000346526","IN","en"
"2943","100000342012","IN","en"
"2944","100000342012","IN","en"
"2945","100000339323","IN","en"
"2946","100000339323","IN","en"
"2947","100000343085","IN","en"
"2948","100000342012","IN","en"
"2949","100000342012","IN","en"
"2950","100000342012","IN","en"
"2951","100000342012","IN","en"
"2952","100000342012","IN","en"
"2953","100000342012","IN","en"
"2954","100000342012","IN","en"
"2955","100000342012","IN","en"
"2956","100000342012","IN","en"
"2957","100000342012","IN","en"
"2958","100000342012","IN","en"
"2959","100000342012","IN","en"
"2960","100000342012","IN","en"
"2961","100000342020","IN","en"
"2962","100000342020","IN","en"
"2963","100000343085","IN","en"
"2964","100000342012","IN","en"
"2965","100000342020","IN","en"
"2966","100000346724","IN","en"
"2967","100000342012","IN","en"
"2968","100000342012","IN","en"
"2969","100000342012","IN","en"
"2970","100000346724","IN","en"
"2971","100000346724","IN","en"
"2972","100000342012","IN","en"
"2973","100000342012","IN","en"
"2974","100000342012","IN","en"
"2975","100000342012","IN","en"
"2976","100000343085","IN","en"
"2977","100000346724","IN","en"
"2978","100000342012","IN","en"
"2979","100000342012","IN","en"
"2980","100000342012","IN","en"
"2981","100000342012","IN","en"
"2982","100000342012","IN","en"
"2983","100000342012","IN","en"
"2984","100000342012","IN","en"
"2985","100000342012","IN","en"
"2986","100000342012","IN","en"
"2987","100000342012","IN","en"
"2988","100000342012","IN","en"
"2989","100000342012","IN","en"
"2990","100000339323","IN","en"
"2991","100000340545","IN","en"
"2992","100000346674","IN","en"
"2993","100000346674","IN","en"
"2999","100000342020","IN","en"
"3001","100000346807","IN","en"
"3002","100000346807","IN","en"
"3003","100000342012","IN","en"
"3004","100000346831","IN","en"
"3005","100000343085","IN","en"
"3006","100000342020","IN","en"
"3007","100000339059","IN","en"
"3008","100000339059","IN","en"
"3009","100000339059","IN","en"
"3010","100000342012","IN","en"
"3011","100000342012","IN","en"
"3012","100000340545","IN","en"
"3014","100000346773","IN","en"
"3015","100000338267","IN","en"
"3016","100000338267","IN","en"
"3017","100000338267","IN","en"
"3018","100000338267","IN","en"
"3019","100000343093","IN","en"
"3020","100000342012","IN","en"
"3021","100000342012","IN","en"
"3022","100000342012","IN","en"
"3023","100000342012","IN","en"
"3024","100000342012","IN","en"
"3025","100000342848","IN","en"
"3026","100000342103","IN","en"
"3027","100000342103","IN","en"
"3028","100000342012","IN","en"
"3029","100000342012","IN","en"
"3030","100000339323","IN","en"
"3031","100000342103","IN","en"
"3032","100000339323","IN","en"
"3033","100000339323","IN","en"
"3034","100000339323","IN","en"
"3035","100000342012","IN","en"
"3038","100000342103","IN","en"
"3039","100000346294","IN","en"
"3040","100000339323","IN","en"
"3042","100000346294","IN","en"
"3043","100000346294","IN","en"
"3044","100000339323","IN","en"
"3046","100000339323","IN","en"
"3047","100000346294","IN","en"
"3048","100000346294","IN","en"
"3049","100000346898","IN","en"
"3050","100000342103","IN","en"
"3051","100000342103","IN","en"
"3053","100000346294","IN","en"
"3054","100000346294","IN","en"
"3055","100000346294","IN","en"
"3056","100000339083","IN","en"
"3060","100000346955","IN","en"
"3066","100000346955","IN","en"
"3068","100000346955","IN","en"
"3071","100000346294","IN","en"
"3072","100000346294","IN","en"
"3074","100000346294","IN","en"
"3077","100000346294","IN","en"
"3078","100000346294","IN","en"
"3079","100000346955","IN","en"
"3080","100000346955","IN","en"
"3081","100000346294","IN","en"
"3082","100000342012","IN","en"
"3083","100000346955","IN","en"
"3084","100000346955","IN","en"
"3085","100000346955","IN","en"
"3086","100000346955","IN","en"
"3088","100000346955","IN","en"
"3090","100000346955","IN","en"
"3093","100000346955","IN","en"
"3095","100000346955","IN","en"
"3097","100000346955","IN","en"
"3098","100000346955","IN","en"
"3099","100000346955","IN","en"
"3101","100000346955","IN","en"
"3102","100000346955","IN","en"
"3103","100000346955","IN","en"
"3104","100000346955","IN","en"
"3105","100000346955","IN","en"
"3106","100000342012","IN","en"
"3107","100000342012","IN","en"
"3108","100000342103","IN","en"
"3109","100000339059","IN","en"
"3110","100000339059","IN","en"
"3111","100000342103","IN","en"
"3112","100000342103","IN","en"
"3113","100000346815","IN","en"
"3114","100000342103","IN","en"
"3115","100000342103","IN","en"
"3116","100000342103","IN","en"
"3117","100000346815","IN","en"
"3119","100000342012","IN","en"
"3120","100000342012","IN","en"
"3122","100000342012","IN","en"
"3125","100000346815","IN","en"
"3126","100000339059","IN","en"
"3127","100000339059","IN","en"
"3129","100000339059","IN","en"
"3136","100000346807","IN","en"
"3138","100000342012","IN","en"
"3141","100000342012","IN","en"
"3142","100000342012","IN","en"
"3143","100000342012","IN","en"
"3144","100000342012","IN","en"
"3145","100000342012","NZ","en"
"3146","100000346864","IN","en"
"3147","100000347029","IN","en"
"3148","100000347029","IN","en"
"3150","100000342012","IN","en"
"3151","100000346914","IN","en"
"3152","100000342012","IN","en"
"3153","100000342012","IN","en"
"3154","100000342012","IN","en"
"3155","100000344042","IN","en"
"3156","100000342012","IN","en"
"3157","100000342012","IN","en"
"3159","100000342012","IN","en"
"3160","100000342012","IN","en"
"3161","100000342012","IN","en"
"3162","100000342012","IN","en"
"3163","100000342012","IN","en"
"3164","100000346294","IN","en"
"3165","100000346294","IN","en"
"3166","100000346914","IN","en"
"3167","100000346914","IN","en"
"3168","100000346914","IN","en"
"3169","100000346914","IN","en"
"3170","100000346914","IN","en"
"3171","100000346922","IN","en"
"3172","100000346922","IN","en"
"3173","100000346922","IN","en"
"3174","100000346922","IN","en"
"3175","100000346922","IN","en"
"3176","100000346930","IN","en"
"3177","100000346930","IN","en"
"3178","100000346930","IN","en"
"3179","100000346930","IN","en"
"3180","100000346930","IN","en"
"3181","100000347011","IN","en"
"3182","100000347011","IN","en"
"3183","100000347011","IN","en"
"3188","100000342012","IN","en"
"3189","100000342012","IN","en"
"3190","100000342012","IN","en"
"3191","100000339059","IN","en"
"3192","100000339059","IN","en"
"3194","100000342012","IN","en"
"3197","100000342012","IN","en"
"3198","100000342012","IN","en"
"3199","100000347011","IN","en"
"3200","100000347011","IN","en"
"3201","100000347011","IN","en"
